{
    "pr_aur": 0.21979117850051536,
    "roc_auc": 0.7888791104420272,
    "precision": 0.09874886672710789,
    "recall": 0.6588434551173482,
    "f1_score": 0.17175476220512173,
    "threshold": 0.5
}